{"tiny_reference":{"Bacillus_subtilis":{"size":4045677,"GC":43.93890070808915},"Staphylococcus_aureus":{"size":2718780,"GC":32.85863512310669}}}